{
	"info": {
		"_postman_id": "980dec1e-0a33-4a08-a805-a196a61fddd7",
		"name": "GudangKriptoIndonesia",
		"schema": "https://schema.getpostman.com/json/collection/v2.1.0/collection.json",
		"_exporter_id": "26453564"
	},
	"item": [
		{
			"name": "user",
			"item": [
				{
					"name": "Auth",
					"item": [
						{
							"name": "login user",
							"request": {
								"method": "POST",
								"header": [],
								"body": {
									"mode": "raw",
									"raw": "{\r\n    \"user_identification\" : \"user_pertama\",\r\n    \"password\": \"Password123!\"\r\n}",
									"options": {
										"raw": {
											"language": "json"
										}
									}
								},
								"url": {
									"raw": "{{API_URL}}/user/login",
									"host": [
										"{{API_URL}}"
									],
									"path": [
										"user",
										"login"
									]
								}
							},
							"response": []
						},
						{
							"name": "register by gmail",
							"request": {
								"method": "POST",
								"header": [],
								"body": {
									"mode": "raw",
									"raw": "{\r\n    \"username\": \"ujed\",\r\n    \"email\": \"ujedkemal@gmail.com\",\r\n    \"phone\": \"089652433206\"\r\n}",
									"options": {
										"raw": {
											"language": "json"
										}
									}
								},
								"url": {
									"raw": "{{API_URL}}/user/register-by-gmail",
									"host": [
										"{{API_URL}}"
									],
									"path": [
										"user",
										"register-by-gmail"
									]
								}
							},
							"response": []
						},
						{
							"name": "register  by form",
							"request": {
								"method": "POST",
								"header": [],
								"body": {
									"mode": "raw",
									"raw": "{\r\n    \"username\": \"aka\",\r\n    \"email\":\"aka@gmail.com\",\r\n    \"phone\":\"08965241231\",\r\n    \"password\":\"Password123!\",\r\n    \"confirm_password\":\"Password123!\"\r\n}",
									"options": {
										"raw": {
											"language": "json"
										}
									}
								},
								"url": {
									"raw": "{{API_URL}}/user/register",
									"host": [
										"{{API_URL}}"
									],
									"path": [
										"user",
										"register"
									]
								}
							},
							"response": []
						}
					]
				},
				{
					"name": "profile",
					"item": [
						{
							"name": "profile user",
							"request": {
								"auth": {
									"type": "bearer",
									"bearer": [
										{
											"key": "token",
											"value": "{{TOKEN}}",
											"type": "string"
										}
									]
								},
								"method": "PATCH",
								"header": [],
								"body": {
									"mode": "formdata",
									"formdata": [
										{
											"key": "file",
											"type": "file",
											"src": "/C:/Users/peter/Downloads/favicon_io (1)/apple-touch-icon.png"
										},
										{
											"key": "username",
											"value": "",
											"type": "text"
										},
										{
											"key": "phone",
											"value": "",
											"type": "text"
										},
										{
											"key": "password",
											"value": "",
											"type": "text"
										},
										{
											"key": "new_password",
											"value": "",
											"type": "text"
										},
										{
											"key": "new_confirm_password",
											"value": "",
											"type": "text"
										}
									]
								},
								"url": {
									"raw": "{{API_URL}}/user/profile",
									"host": [
										"{{API_URL}}"
									],
									"path": [
										"user",
										"profile"
									]
								}
							},
							"response": []
						},
						{
							"name": "profile user",
							"request": {
								"auth": {
									"type": "bearer",
									"bearer": [
										{
											"key": "token",
											"value": "{{TOKEN}}",
											"type": "string"
										}
									]
								},
								"method": "GET",
								"header": [],
								"url": {
									"raw": "{{API_URL}}/user/profile",
									"host": [
										"{{API_URL}}"
									],
									"path": [
										"user",
										"profile"
									]
								}
							},
							"response": []
						}
					]
				},
				{
					"name": "product",
					"item": [
						{
							"name": "get all product",
							"request": {
								"method": "GET",
								"header": [],
								"url": {
									"raw": "{{API_URL}}/user/product?last_id=&limit",
									"host": [
										"{{API_URL}}"
									],
									"path": [
										"user",
										"product"
									],
									"query": [
										{
											"key": "last_id",
											"value": ""
										},
										{
											"key": "limit",
											"value": null
										}
									]
								}
							},
							"response": []
						},
						{
							"name": "get product detail",
							"request": {
								"method": "GET",
								"header": [],
								"url": {
									"raw": "{{API_URL}}/user/product/:productID",
									"host": [
										"{{API_URL}}"
									],
									"path": [
										"user",
										"product",
										":productID"
									],
									"variable": [
										{
											"key": "productID",
											"value": ""
										}
									]
								}
							},
							"response": []
						},
						{
							"name": "get product per category",
							"request": {
								"method": "GET",
								"header": [],
								"url": {
									"raw": "{{API_URL}}/user/product-per-category/:categoryID",
									"host": [
										"{{API_URL}}"
									],
									"path": [
										"user",
										"product-per-category",
										":categoryID"
									],
									"variable": [
										{
											"key": "categoryID",
											"value": ""
										}
									]
								}
							},
							"response": []
						},
						{
							"name": "get product by name",
							"request": {
								"method": "GET",
								"header": [],
								"url": {
									"raw": "{{API_URL}}/user/product-search/:productName",
									"host": [
										"{{API_URL}}"
									],
									"path": [
										"user",
										"product-search",
										":productName"
									],
									"variable": [
										{
											"key": "productName",
											"value": "perfume aja"
										}
									]
								}
							},
							"response": []
						}
					]
				}
			]
		},
		{
			"name": "admin",
			"item": [
				{
					"name": "product",
					"item": [
						{
							"name": "edit product",
							"request": {
								"auth": {
									"type": "bearer",
									"bearer": [
										{
											"key": "token",
											"value": "{{TOKEN}}",
											"type": "string"
										}
									]
								},
								"method": "PATCH",
								"header": [],
								"body": {
									"mode": "formdata",
									"formdata": [
										{
											"key": "name",
											"value": "perfume aja",
											"type": "text"
										},
										{
											"key": "price",
											"value": "10000",
											"type": "text"
										},
										{
											"key": "category_id",
											"value": "1",
											"type": "text"
										},
										{
											"key": "description",
											"value": "hehe",
											"type": "text"
										},
										{
											"key": "file",
											"type": "file",
											"src": []
										},
										{
											"key": "is_active",
											"value": "true",
											"type": "text"
										}
									]
								},
								"url": {
									"raw": "{{API_URL}}/admin/product/:productID",
									"host": [
										"{{API_URL}}"
									],
									"path": [
										"admin",
										"product",
										":productID"
									],
									"variable": [
										{
											"key": "productID",
											"value": "1"
										}
									]
								}
							},
							"response": []
						},
						{
							"name": "create product",
							"request": {
								"auth": {
									"type": "bearer",
									"bearer": [
										{
											"key": "token",
											"value": "{{TOKEN}}",
											"type": "string"
										}
									]
								},
								"method": "POST",
								"header": [],
								"body": {
									"mode": "formdata",
									"formdata": [
										{
											"key": "name",
											"value": "perfume surga",
											"type": "text"
										},
										{
											"key": "price",
											"value": "1",
											"type": "text"
										},
										{
											"key": "category_id",
											"value": "1",
											"type": "text"
										},
										{
											"key": "description",
											"value": "test",
											"type": "text"
										},
										{
											"key": "file",
											"type": "file",
											"src": "/C:/Users/peter/Downloads/favicon_io (1)/favicon-16x16.png"
										},
										{
											"key": "is_active",
											"value": "true",
											"type": "text"
										}
									]
								},
								"url": {
									"raw": "{{API_URL}}/admin/product",
									"host": [
										"{{API_URL}}"
									],
									"path": [
										"admin",
										"product"
									]
								}
							},
							"response": []
						},
						{
							"name": "delete product",
							"request": {
								"auth": {
									"type": "bearer",
									"bearer": [
										{
											"key": "token",
											"value": "{{TOKEN}}",
											"type": "string"
										}
									]
								},
								"method": "DELETE",
								"header": [],
								"url": {
									"raw": "{{API_URL}}/admin/product/:productID",
									"host": [
										"{{API_URL}}"
									],
									"path": [
										"admin",
										"product",
										":productID"
									],
									"variable": [
										{
											"key": "productID",
											"value": "2"
										}
									]
								}
							},
							"response": []
						},
						{
							"name": "product list",
							"request": {
								"auth": {
									"type": "bearer",
									"bearer": [
										{
											"key": "token",
											"value": "{{TOKEN}}",
											"type": "string"
										}
									]
								},
								"method": "GET",
								"header": [],
								"url": {
									"raw": "{{API_URL}}/admin/product-list?page&perPage",
									"host": [
										"{{API_URL}}"
									],
									"path": [
										"admin",
										"product-list"
									],
									"query": [
										{
											"key": "page",
											"value": null
										},
										{
											"key": "perPage",
											"value": null
										}
									]
								}
							},
							"response": []
						}
					]
				},
				{
					"name": "user",
					"item": [
						{
							"name": "user list",
							"request": {
								"auth": {
									"type": "bearer",
									"bearer": [
										{
											"key": "token",
											"value": "{{TOKEN}}",
											"type": "string"
										}
									]
								},
								"method": "GET",
								"header": [],
								"url": {
									"raw": "{{API_URL}}/admin/user-list?role=2&byStatus=&page=1&perPage=10&byName=",
									"host": [
										"{{API_URL}}"
									],
									"path": [
										"admin",
										"user-list"
									],
									"query": [
										{
											"key": "role",
											"value": "2"
										},
										{
											"key": "byStatus",
											"value": ""
										},
										{
											"key": "page",
											"value": "1"
										},
										{
											"key": "perPage",
											"value": "10"
										},
										{
											"key": "byName",
											"value": ""
										}
									]
								}
							},
							"response": []
						},
						{
							"name": "add user",
							"request": {
								"auth": {
									"type": "bearer",
									"bearer": [
										{
											"key": "token",
											"value": "{{TOKEN}}",
											"type": "string"
										}
									]
								},
								"method": "POST",
								"header": [],
								"body": {
									"mode": "formdata",
									"formdata": [
										{
											"key": "username",
											"value": "ujedkemal",
											"type": "text"
										},
										{
											"key": "email",
											"value": "ujedkemal@gmail.com",
											"type": "text"
										},
										{
											"key": "phone",
											"value": "0123124",
											"type": "text"
										},
										{
											"key": "file",
											"type": "file",
											"src": "/C:/Users/peter/Downloads/favicon_io (1)/favicon-16x16.png"
										},
										{
											"key": "password",
											"value": "Password123!",
											"type": "text"
										},
										{
											"key": "confirm_password",
											"value": "Password123!",
											"type": "text"
										}
									]
								},
								"url": {
									"raw": "{{API_URL}}/admin/user",
									"host": [
										"{{API_URL}}"
									],
									"path": [
										"admin",
										"user"
									]
								}
							},
							"response": []
						},
						{
							"name": "edit user",
							"request": {
								"auth": {
									"type": "bearer",
									"bearer": [
										{
											"key": "token",
											"value": "{{TOKEN}}",
											"type": "string"
										}
									]
								},
								"method": "PATCH",
								"header": [],
								"body": {
									"mode": "formdata",
									"formdata": [
										{
											"key": "username",
											"value": "user_kedua_lagi",
											"type": "text"
										},
										{
											"key": "phone",
											"value": "089612381111",
											"type": "text"
										},
										{
											"key": "is_active",
											"value": "true",
											"type": "text"
										},
										{
											"key": "file",
											"type": "file",
											"src": []
										}
									]
								},
								"url": {
									"raw": "{{API_URL}}/admin/user/:userID",
									"host": [
										"{{API_URL}}"
									],
									"path": [
										"admin",
										"user",
										":userID"
									],
									"variable": [
										{
											"key": "userID",
											"value": "2"
										}
									]
								}
							},
							"response": []
						},
						{
							"name": "approval activation",
							"request": {
								"auth": {
									"type": "bearer",
									"bearer": [
										{
											"key": "token",
											"value": "{{TOKEN}}",
											"type": "string"
										}
									]
								},
								"method": "PATCH",
								"header": [],
								"url": {
									"raw": "{{API_URL}}/admin/approval-activation/:userID",
									"host": [
										"{{API_URL}}"
									],
									"path": [
										"admin",
										"approval-activation",
										":userID"
									],
									"variable": [
										{
											"key": "userID",
											"value": "120"
										}
									]
								}
							},
							"response": []
						},
						{
							"name": "report dashboard",
							"request": {
								"method": "GET",
								"header": []
							},
							"response": []
						},
						{
							"name": "delete user",
							"request": {
								"method": "DELETE",
								"header": [],
								"url": {
									"raw": "{{API_URL}}/admin/user/:userID",
									"host": [
										"{{API_URL}}"
									],
									"path": [
										"admin",
										"user",
										":userID"
									],
									"variable": [
										{
											"key": "userID",
											"value": ""
										}
									]
								}
							},
							"response": []
						},
						{
							"name": "get user by id",
							"request": {
								"method": "GET",
								"header": []
							},
							"response": []
						}
					]
				},
				{
					"name": "Category",
					"item": [
						{
							"name": "create category",
							"request": {
								"auth": {
									"type": "bearer",
									"bearer": [
										{
											"key": "token",
											"value": "{{TOKEN}}",
											"type": "string"
										}
									]
								},
								"method": "POST",
								"header": [],
								"body": {
									"mode": "formdata",
									"formdata": [
										{
											"key": "name",
											"value": "Jeruk",
											"type": "text"
										},
										{
											"key": "file",
											"type": "file",
											"src": "/C:/Users/peter/Downloads/favicon_io (1)/android-chrome-192x192.png"
										}
									]
								},
								"url": {
									"raw": "{{API_URL}}/admin/category",
									"host": [
										"{{API_URL}}"
									],
									"path": [
										"admin",
										"category"
									]
								}
							},
							"response": []
						},
						{
							"name": "edit category",
							"request": {
								"auth": {
									"type": "bearer",
									"bearer": [
										{
											"key": "token",
											"value": "{{TOKEN}}",
											"type": "string"
										}
									]
								},
								"method": "PATCH",
								"header": [],
								"body": {
									"mode": "formdata",
									"formdata": [
										{
											"key": "name",
											"value": "Apel",
											"type": "text"
										},
										{
											"key": "file",
											"type": "file",
											"src": "/C:/Users/peter/Downloads/favicon_io (1)/android-chrome-512x512.png"
										}
									]
								},
								"url": {
									"raw": "{{API_URL}}/admin/category/:categoryID",
									"host": [
										"{{API_URL}}"
									],
									"path": [
										"admin",
										"category",
										":categoryID"
									],
									"variable": [
										{
											"key": "categoryID",
											"value": "6"
										}
									]
								}
							},
							"response": []
						},
						{
							"name": "get all category",
							"request": {
								"method": "GET",
								"header": []
							},
							"response": []
						}
					]
				}
			]
		},
		{
			"name": "Image Testing",
			"request": {
				"method": "GET",
				"header": [],
				"url": {
					"raw": "{{API_URL}}/image-profile/imageProfileDefault.png",
					"host": [
						"{{API_URL}}"
					],
					"path": [
						"image-profile",
						"imageProfileDefault.png"
					]
				}
			},
			"response": []
		}
	],
	"event": [
		{
			"listen": "prerequest",
			"script": {
				"type": "text/javascript",
				"exec": [
					""
				]
			}
		},
		{
			"listen": "test",
			"script": {
				"type": "text/javascript",
				"exec": [
					""
				]
			}
		}
	],
	"variable": [
		{
			"key": "API_URL",
			"value": "http://localhost:8000/api",
			"type": "string"
		},
		{
			"key": "TOKEN",
			"value": "eyJhbGciOiJIUzI1NiIsInR5cCI6IkpXVCJ9.eyJpZCI6MSwidXNlcm5hbWUiOiJ1c2VyX3BlcnRhbWEiLCJlbWFpbCI6InVzZXJfcGVydGFtYUBnbWFpbC5jb20iLCJwaG9uZSI6IjAxMTExMTExMSIsInJvbGVfaWQiOjEsImlhdCI6MTY5OTU1MTg4OCwiZXhwIjoxNjk5NTU1NDg4fQ.oNTChXjJmjRVFAuFQt_q5T7Teza-N7xpXNgnlsCGXiI",
			"type": "string"
		}
	]
}